mse,mae,rmse,rse,mape,wape,smape,config,dataset,run
0.0064246538649747375,0.04675887121497251,0.08015393854936098,0.06151714346601802,0.23122531886396983,0.09303702970807111,30.798273818852252,full_3branch,SDN,0
0.01484726149074988,0.06519602470293755,0.12184933931191372,0.14216503089502028,0.2970981439653512,0.12972179031544023,34.566171756203175,no_ml_branch,SDN,0
0.008114739977968478,0.052028581844708266,0.09008185154607158,0.07770000281814118,0.2498027514753145,0.10352227478932263,31.473987435409345,no_global_branch,SDN,0
0.009983241407775525,0.055738465033370516,0.0999161719031285,0.09559121889602898,0.2624638678418446,0.11090390106618883,32.36252704384103,static_average,SDN,0
0.00676000585558127,0.04779019435481696,0.08221925477393523,0.06472819529096142,0.23482823856269683,0.09508907329054332,30.934483539025738,full_3branch,SDN,1
0.014881978054317563,0.06538275137104126,0.12199171305591854,0.1424974478417578,0.29603089815251027,0.13009332397560464,34.594116864693945,no_ml_branch,SDN,1
0.008060304490288668,0.051879225384136224,0.08977919853890805,0.07717877384991652,0.25002143489498124,0.1032250973532924,31.450180265458567,no_global_branch,SDN,1
0.009953612956159553,0.055730466510724996,0.09976779518541819,0.09530752147869848,0.26145788300762784,0.11088798625110335,32.33004011602749,static_average,SDN,1
0.00696690788743491,0.04859119259845849,0.08346800517225095,0.0667093171139347,0.239614474066557,0.09668283497583242,31.057127896434476,full_3branch,SDN,2
0.014987903732498423,0.06592743331002786,0.12242509437406378,0.14351170406136704,0.3002915238720102,0.1311770881560094,34.7311536837153,no_ml_branch,SDN,2
0.008073442777861999,0.051918205946953615,0.08985233874453129,0.07730457516754899,0.25190958705684996,0.10330265773245993,31.473913349099575,no_global_branch,SDN,2
0.010020011599656778,0.05613628946995712,0.10010000799029328,0.09594329967995475,0.26510161330789267,0.11169546003593257,32.44305812667424,static_average,SDN,2
0.006439152308490759,0.04679216386909067,0.08024432882447681,0.06165596850602079,0.2300917972819493,0.09310327274537651,30.715630167343583,full_3branch,SDN,3
0.014719418899276523,0.0647635760732208,0.12132361229075123,0.14094091653710772,0.29424274432607883,0.12886133891948592,34.47785242315623,no_ml_branch,SDN,3
0.008077928492301002,0.05203337620797261,0.08987729686801335,0.07734752663925334,0.2523787403051736,0.1035318142265645,31.499377748548753,no_global_branch,SDN,3
0.009901620346450882,0.05546674344034927,0.0995068859247986,0.09480968347873121,0.26031418372829296,0.11036325136132283,32.27267983393641,static_average,SDN,3
0.0064535199956081,0.04666062822369639,0.0803338035674155,0.06179354153147059,0.23172278495065296,0.09284155372970662,30.71630019774327,full_3branch,SDN,4
0.014542166486853567,0.06436694153763774,0.1205909054898153,0.13924369481685808,0.29641165228660693,0.12807214751876467,34.36147709361419,no_ml_branch,SDN,4
0.008066168293450577,0.05199007238559338,0.08981184940446654,0.07723492075338381,0.2537685941020701,0.10344565177429643,31.510731919179953,no_global_branch,SDN,4
0.00981643635998671,0.055198309012199014,0.09907793074134477,0.09399403245278379,0.2626876374966621,0.10982914219192766,32.25427150355361,static_average,SDN,4
0.006471436558957685,0.047075680835444,0.0804452395046325,0.06196509564491524,0.23030253500076717,0.09366739193251615,30.565170356363264,full_3branch,SDN,5
0.014749348189067332,0.06432077450745775,0.12144689452212161,0.14122749453066075,0.29075134668032016,0.12798028808660172,34.190735382471125,no_ml_branch,SDN,5
0.008049982714949298,0.05187244237224181,0.0897216958987585,0.07707994111157435,0.24753094679763687,0.1032116010634391,31.391346668039333,no_global_branch,SDN,5
0.009729710495789712,0.05497185700205307,0.09863929488692481,0.09316361768770101,0.2570303698489184,0.10937856625097864,31.936756025044698,static_average,SDN,5
0.006287178472936567,0.04641711975093586,0.0792917301673798,0.06020079341933851,0.22949818468695218,0.09235704021546391,30.50814463116824,full_3branch,SDN,6
0.014685275410341597,0.06426920918945042,0.12118281813170378,0.1406139868765557,0.29448892994746184,0.12787768757682255,34.22362702846228,no_ml_branch,SDN,6
0.008080874478673337,0.05193439606464115,0.0898936843091512,0.07737573495523808,0.24977640335497164,0.10333487152250946,31.4453571256809,no_global_branch,SDN,6
0.009732029688268034,0.05500000037139334,0.09865105011234312,0.09318582434652072,0.26018410317268836,0.10943456365684752,31.988533834745574,static_average,SDN,6
0.006804192158779268,0.048119353470548305,0.08248752729218684,0.06515128659053837,0.2354558921852671,0.09574400754437051,30.735938785127402,full_3branch,SDN,7
0.01488990556936756,0.0647815697527565,0.12202420075283248,0.14257335513433872,0.2964995376095885,0.12889714129139998,34.29429502283089,no_ml_branch,SDN,7
0.008098739778691705,0.05206604898350006,0.08999299849817043,0.07754679821364723,0.2514870141296961,0.10359682387945833,31.507607392337565,no_global_branch,SDN,7
0.009844499097291131,0.05541428759540325,0.09921944918860985,0.09426273789172061,0.2621363107156254,0.11025887895288362,32.08257216627323,static_average,SDN,7
0.006663987160084609,0.04771473975121575,0.08163324788396337,0.06380880010011854,0.2364765164305677,0.09493893980753897,30.78319463491419,full_3branch,SDN,8
0.014630865512186059,0.06418614116754673,0.12095811470168531,0.1400930029323384,0.29317599316533893,0.1277124055282865,34.20248227450571,no_ml_branch,SDN,8
0.008092294347553979,0.05209253221111143,0.08995718063364358,0.07748508212429314,0.25303036938056644,0.10364951806924569,31.504138022150702,no_global_branch,SDN,8
0.009728390626873324,0.055038373896358524,0.09863260427907865,0.0931509797203969,0.26005286391005505,0.10951091620106902,32.007148048505236,static_average,SDN,8
0.006352219057309244,0.04675966052344389,0.07970080964023668,0.06082356797561157,0.23333708789224944,0.09303860021039062,30.63703160098544,full_3branch,SDN,9
0.014930573338444731,0.06481203187757448,0.12219072525541672,0.14296275587675103,0.29687733469735805,0.12895775236985463,34.33537692392183,no_ml_branch,SDN,9
0.008087336823097742,0.05188060475665698,0.0899296214998025,0.07743761299216242,0.25042270154970153,0.10322784191745439,31.455937613507523,no_global_branch,SDN,9
0.009857352472906073,0.055375647789890854,0.0992842005200529,0.09438581112933699,0.26246663332757314,0.11018199658511124,32.08499825509038,static_average,SDN,9
0.0008253071225499697,0.005394575375319782,0.028728159052573657,0.14823252079517557,1.0395477048907045,0.2568447828072828,77.54443926277922,full_3branch,GEANT,0
0.0007461721511087908,0.0054153486629997735,0.02731615183565926,0.13401917405519279,0.9887249245135518,0.2578338338801014,78.68594139568077,no_ml_branch,GEANT,0
0.0007489325637027076,0.005550314722433162,0.027366632304737598,0.1345149687794244,1.2632156468031515,0.2642597943699886,80.26011144262124,no_global_branch,GEANT,0
0.0007607513115533313,0.0054313829026746965,0.02758172060538159,0.13663772131441712,1.1221315178967,0.2585972509278317,78.05710296483561,static_average,GEANT,0
0.0008205572454918232,0.00545283172340926,0.028645370402419712,0.14737940050751733,1.1470516090963225,0.2596184652625586,79.70651776607568,full_3branch,GEANT,1
0.0007459823815156938,0.005406343909046228,0.027312678036320308,0.1339850897435633,0.9837126094200951,0.257405102439252,81.04926091140831,no_ml_branch,GEANT,1
0.0007494262361772499,0.005551583834298984,0.027375650424734204,0.13460363675931836,1.2649093084396719,0.26432021891480567,80.61543389595005,no_global_branch,GEANT,1
0.0007610300990795202,0.005426652124794018,0.027586773988263293,0.13668779404085327,1.1178303962444203,0.2583720106572385,78.03711466855191,static_average,GEANT,1
0.0007956871447417737,0.005431766856922387,0.02820792698412582,0.14291250857616045,1.1343401654907768,0.2586155316336325,78.58159472836181,full_3branch,GEANT,2
0.0007461662443752187,0.00540792218695984,0.027316043717478904,0.1340181131531563,0.9811821103658426,0.25748024689821825,83.1852193705587,no_ml_branch,GEANT,2
0.0007486550169843174,0.005544831523925915,0.027361560938373334,0.13446511891313667,1.2498575469632593,0.26399873009120844,79.94820294914433,no_global_branch,GEANT,2
0.0007605375787076127,0.0054212941515156135,0.027577845795268577,0.13659933298886906,1.108282148150764,0.25811690856166397,77.61329208538396,static_average,GEANT,2
0.0007847605226082362,0.005473786784435828,0.028013577468938813,0.14094998977755097,1.1886476510013664,0.26061617086932537,79.99163852106193,full_3branch,GEANT,3
0.0007460519323618525,0.005404678196435443,0.027313951240379934,0.13399758169591394,0.9788895005560438,0.25732579506768505,82.90548169112697,no_ml_branch,GEANT,3
0.0007466549279921805,0.005540493571901774,0.02732498724596556,0.1341058850897291,1.252536392143018,0.2637921929185949,79.92329319377788,no_global_branch,GEANT,3
0.0007592264955250255,0.005415728767137731,0.02755406495464917,0.1363638507546596,1.10712861325166,0.2578519312757193,77.904578990186,static_average,GEANT,3
0.0008106170662016706,0.0055196722546580305,0.028471337625789038,0.14559405564246547,1.2651555253016025,0.2628008550776785,80.7053101431969,full_3branch,GEANT,4
0.000745786791314288,0.00540859033501886,0.027309097226277692,0.13394995999876277,0.9835143679852735,0.25751205854810033,81.09985496178538,no_ml_branch,GEANT,4
0.0007469924003648277,0.005537332302743286,0.027331161709024148,0.134166498138047,1.2522403258162622,0.2636416795910545,79.63673302600226,no_global_branch,GEANT,4
0.0007590757922996866,0.005417099650321085,0.027551330136668294,0.1363367831111441,1.1127400076336789,0.25791720132368146,77.840350569884,static_average,GEANT,4
0.0007975274323799509,0.005474723666930635,0.028240528188756508,0.14324304065099866,1.1916216496080845,0.2606607774164867,80.31689604826468,full_3branch,GEANT,5
0.0007524925852107266,0.005429357398319531,0.027431598298508355,0.1351543803969907,0.9955281113912849,0.2585008132677783,84.75084575260655,no_ml_branch,GEANT,5
0.000747935197820733,0.005543741795885356,0.027348403935526712,0.13433583297070462,1.2524319861571716,0.26394684631122145,79.67986858397818,no_global_branch,GEANT,5
0.0007311062116944624,0.005419249792435258,0.02703897578856238,0.13131319695101717,1.118577424085021,0.2580195731965162,79.16036980485774,static_average,GEANT,5
0.0008233512716194225,0.005585441394750987,0.028694098201885045,0.14788123252222474,1.3512236146527314,0.2659322341626534,82.82596779823156,full_3branch,GEANT,6
0.0007509576374545644,0.005425501362998796,0.0274036062855706,0.13487869008853706,0.9917332185261699,0.25831722095781035,85.25044455164613,no_ml_branch,GEANT,6
0.0007504534965884611,0.005564277103639882,0.027394406301076524,0.13478814189214264,1.2774945864538017,0.2649245667605866,81.97259106312423,no_global_branch,GEANT,6
0.0007325284465950082,0.00542124702126265,0.02706526272909628,0.13156864302522453,1.121463703064317,0.25811466461126126,78.2241447990978,static_average,GEANT,6
0.0007877684047375824,0.005556030034814608,0.028067212272286368,0.14149023223772766,1.3087326349862791,0.26453190997968123,82.41558833502317,full_3branch,GEANT,7
0.0007517095872973539,0.00542644504309602,0.027417322759477336,0.13501374698755403,0.9913177670158158,0.2583621511502255,84.52042332743287,no_ml_branch,GEANT,7
0.0007467684643821168,0.005548206250481402,0.02732706468653589,0.13412627723808504,1.2591318940961929,0.2641594064834864,80.31415722387743,no_global_branch,GEANT,7
0.0007313745622795349,0.005418448158725592,0.02704393762527075,0.13136139510973324,1.1190884342689575,0.25798140607088993,79.52317295465716,static_average,GEANT,7
0.0007761642231805876,0.005473112540064067,0.027859724032742814,0.13940601772296188,1.1993378722060808,0.26058406896376735,79.8241150687976,full_3branch,GEANT,8
0.0007494972087613851,0.00543484357119899,0.027376946666152986,0.13461638406849122,0.9968705403308726,0.25876201916140884,86.79052454288518,no_ml_branch,GEANT,8
0.0007506554605577645,0.005556595167388484,0.027398092279532247,0.1348244164225104,1.2704393964403016,0.2645588168895113,81.24858432712743,no_global_branch,GEANT,8
0.0007311011448990449,0.0054211591129650774,0.027038882094107458,0.1313122869093653,1.1162238097780748,0.25811047914975105,78.32787868031993,static_average,GEANT,8
0.0007374495298222415,0.005452891388127349,0.027156021980810102,0.1324525134679778,1.1760357324613016,0.2596213059998721,79.66745039254978,full_3branch,GEANT,9
0.0007519856396634922,0.00542894491127441,0.02742235656655883,0.13506332845484795,0.990552545475332,0.25848117406762927,83.78626651129896,no_ml_branch,GEANT,9
0.000749872596331586,0.0055526372219041895,0.027383801714363658,0.1346838070244862,1.261541030417184,0.2643703724657058,80.35480570986863,no_global_branch,GEANT,9
0.0007332831447533952,0.005421684440046053,0.027079201331527396,0.1317041935462373,1.12008450981261,0.25813549085329185,78.56795539940585,static_average,GEANT,9
0.005178299478517005,0.03446417691635042,0.07196040215644299,0.2582666452870946,1.0685804404235288,0.3118243719596174,48.32581364284365,full_3branch,ABILENE,0
0.0037925826411867544,0.028771562961723087,0.0615839479181609,0.1891542966522065,0.5587046569663375,0.2603188398379991,39.690918388113744,no_ml_branch,ABILENE,0
0.0031562115786469775,0.028130029016210416,0.05618017068901605,0.15741541786356592,2.0277431476253147,0.25451438032237494,52.3433544730582,no_global_branch,ABILENE,0
0.003956281565777607,0.03041791136680966,0.0628989790519497,0.19731874760112933,1.5912660970860126,0.27521464189614386,51.04093049234265,static_average,ABILENE,0
0.0033195640649901197,0.02420667892449912,0.057615658158092053,0.16556259027454273,0.46098877591073634,0.21901676257003627,35.04062366456659,full_3branch,ABILENE,1
0.003792348201598083,0.028721334244991247,0.061582044474003,0.18914260402486044,0.5531544731350311,0.25986438134078155,39.80055767860519,no_ml_branch,ABILENE,1
0.002064546294546579,0.017071985496734637,0.045437278687731494,0.10296883132088551,0.29086005639517476,0.1544636092294846,28.52863615445823,no_global_branch,ABILENE,1
0.0029954835198726494,0.02345041750485424,0.05473101058698487,0.14939913824988843,0.4488737916000326,0.21217427383773824,34.55098400034964,static_average,ABILENE,1
0.003001790155213366,0.022355194381446498,0.05478859511990945,0.1497136804194275,0.4285827725251152,0.20226493338138024,33.53666080124363,full_3branch,ABILENE,2
0.0037971409515301898,0.028728078352399156,0.06162094572083578,0.18938164146404304,0.5529035607991282,0.25992540055682156,39.783356791283914,no_ml_branch,ABILENE,2
0.002062471328338724,0.017086909732384328,0.04541443964576381,0.1028653427984835,0.29336917502216975,0.15459864046553407,28.538498667399242,no_global_branch,ABILENE,2
0.0029953160297734667,0.023458438518478553,0.05472948044494363,0.14939078471486902,0.44969346956575246,0.21224684622331855,34.52436035428032,static_average,ABILENE,2
0.0029565169615376422,0.02221714663173643,0.05437386285282334,0.1474556889879604,0.433957918235852,0.20101590738670003,33.45652292922324,full_3branch,ABILENE,3
0.003808123347234586,0.02882006867495262,0.06170999390078228,0.18992938624156255,0.5616432221480827,0.26075770897452205,39.71661512519722,no_ml_branch,ABILENE,3
0.0020604542491658596,0.017073966307360786,0.04539222674826451,0.10276474138031226,0.2922711451802232,0.1544815311729266,28.541918540632665,no_global_branch,ABILENE,3
0.0029977227822961102,0.023522748919166,0.054751463745694604,0.14951082101300864,0.4558377055766656,0.2128287127322303,34.63098247470434,static_average,ABILENE,3
0.0034676667034020483,0.025482457697004978,0.058886897552868654,0.17294917958624675,0.4963559902994721,0.23055973124332318,36.289094611501774,full_3branch,ABILENE,4
0.003787052301959384,0.02873341582525565,0.061539030720018525,0.18887847209523023,0.5570038539567304,0.25997369284958016,39.73273413323985,no_ml_branch,ABILENE,4
0.002061247036925707,0.017068380952364254,0.04540095854633145,0.10280428151042832,0.29131268080066974,0.15443099609651398,28.53398397207923,no_global_branch,ABILENE,4
0.0029873103103795384,0.023457822065852653,0.054656292504884914,0.1489915010698119,0.45188647967430134,0.21224126869412405,34.57051889337981,static_average,ABILENE,4
0.0021322955418713587,0.016976940358277213,0.046176785746426294,0.10634781140882502,0.2906342070749518,0.15360366150233487,28.385529726433283,full_3branch,ABILENE,5
0.0020997487652899757,0.017208193505995263,0.045823015672148595,0.10472454747102944,0.28688241504411616,0.1556959896529792,30.137944569394413,no_ml_branch,ABILENE,5
0.002066686674676988,0.017087802999243333,0.04546082571486123,0.10307558234952209,0.2904953937285165,0.15460672254966384,28.506367150393224,no_global_branch,ABILENE,5
0.0019553952872601184,0.016880481138697955,0.044219851732679054,0.09752494677953513,0.28377578992411584,0.15273091947695527,28.661540980576035,static_average,ABILENE,5
0.0019095975733272636,0.01675501196977628,0.043698942473786064,0.09524079500570921,0.2832986959711816,0.15159570174364753,28.557633542492095,full_3branch,ABILENE,6
0.0020893865555637356,0.01718757636091089,0.045709808089333906,0.10420773434446924,0.28695996350728825,0.1555094502113689,30.10571082152441,no_ml_branch,ABILENE,6
0.0020572319573326408,0.017074013553214005,0.04535671898773809,0.10260403022303874,0.292031238833345,0.15448195864312395,28.516137494084585,no_global_branch,ABILENE,6
0.0019464883654551604,0.01686247534130229,0.04411902498305193,0.09708071584543324,0.28460841163050227,0.15256800694089898,28.65102975520421,static_average,ABILENE,6
0.001976823672739735,0.016850701589547608,0.04446148527365831,0.09859368319671204,0.28615626104524106,0.1524614805974606,28.486360852016762,full_3branch,ABILENE,7
0.0020788195313628803,0.017185951932968513,0.045594073423668564,0.10368070613716981,0.28791259698994237,0.15549475274088656,30.21673730328721,no_ml_branch,ABILENE,7
0.002068554867941016,0.017098315304426098,0.0454813683604728,0.10316875811292667,0.29219040557565656,0.1547018355990606,28.515252372860502,no_global_branch,ABILENE,7
0.0019495324868788705,0.01686955661936468,0.04415351047061684,0.09723254078935736,0.2845803116877541,0.15263207680363894,28.677069394501775,static_average,ABILENE,7
0.0019454237118971904,0.016794065473196427,0.044106957635923955,0.09702761646330005,0.2834526125294227,0.151949049342993,28.74271624158983,full_3branch,ABILENE,8
0.0020879219681205654,0.017192709683918377,0.04569378478656113,0.10413468834022666,0.28791673096957127,0.15555589540072481,30.294164029842698,no_ml_branch,ABILENE,8
0.0020549839420258525,0.017068279824886706,0.04533193071142958,0.10249191091162252,0.2933157804299983,0.15443008111710652,28.545899061417817,no_global_branch,ABILENE,8
0.0019455711528836642,0.01684672883014904,0.044108629007073706,0.09703497005285437,0.2847399189508989,0.15242553593505326,28.749219509603275,static_average,ABILENE,8
0.0019174437546029916,0.01675419716557313,0.043788625858811686,0.09563212171919955,0.2795164650427373,0.15158832957255133,29.014504991046643,full_3branch,ABILENE,9
0.0020875817706855634,0.01719133164597952,0.0456900620560485,0.10411772106155964,0.28707886855136755,0.15554342721337006,30.31304788719897,no_ml_branch,ABILENE,9
0.002061004363116585,0.017076845716907183,0.04539828590504916,0.10279217820299294,0.2918824721809169,0.15450758344382803,28.535476154680918,no_global_branch,ABILENE,9
0.0019514258294379139,0.016855293760315797,0.04417494572082589,0.09732697086879406,0.2833983745192728,0.15250302955913164,28.751374087537346,static_average,ABILENE,9
